code,subject1,subject2,subject3,subject4
D01,Toán,Ngữ văn,Tiếng anh,
A00,Toán,Vật lí,Hóa học,
A01,Toán,Vật lí,Tiếng anh,
D07,Toán,Hóa học,Tiếng anh,
B00,Toán,Hóa học,Sinh học,
C00,Ngữ văn,Lịch sử,Địa lí,
C01,Toán,Ngữ văn,Vật lí,
D14,Ngữ văn,Lịch sử,Tiếng anh,
D15,Ngữ văn,Địa lí,Tiếng anh,
A02,Toán,Vật lí,Sinh học,
C04,Ngữ văn,Toán,Địa lí,
D03,Ngữ văn,Toán,Tiếng pháp,
D04,Ngữ văn,Toán,Tiếng trung,
D10,Toán,Địa lí,Tiếng anh,
B08,Toán,Sinh học,Tiếng anh,
D06,Ngữ văn,Toán,Tiếng nhật,
D08,Toán,Sinh học,Tiếng anh,
X74,Ngữ văn,Địa lí,Gdktpl,
D09,Toán,Lịch sử,Tiếng anh,
X70,Ngữ văn,Lịch sử,Gdktpl,
X01,Ngữ văn,Toán,Gdktpl,
D02,Ngữ văn,Toán,Tiếng nga,
X78,Ngữ văn,Gdktpl,Tiếng anh,
D05,Ngữ văn,Toán,Tiếng đức,
C02,Toán,Ngữ văn,Hóa học,
D28,Toán,Vật lí,Tiếng nhật,
D29,Toán,Vật lí,Tiếng pháp,
X21,Toán,Địa lí,Gdktpl,
D26,Toán,Vật lí,Tiếng đức,
D24,Toán,Hóa học,Tiếng pháp,
V00,Toán,Vật lí,Vẽ hình họa mỹ thuật,
D23,Toán,Hóa học,Tiếng nhật,
D27,Toán,Vật lí,Tiếng nga,
D46,Ngữ văn,Hóa học,Tiếng đức,
D30,Toán,Vật lí,Tiếng trung,
D21,Toán,Hóa học,Tiếng đức,
D47,Ngữ văn,Hóa học,Tiếng nga,
D22,Toán,Hóa học,Tiếng nga,
D25,Toán,Hóa học,Tiếng trung,
V01,Toán,Ngữ văn,Vẽ hình họa mỹ thuật,
A07,Toán,Lịch sử,Địa lí,
C03,Ngữ văn,Toán,Lịch sử,
B03,Toán,Ngữ văn,Sinh học,
AH1,Toán,Địa lí,Tiếng hàn,
H00,Ngữ văn,Năng khiếu vẽ nghệ thuật 1,Năng khiếu vẽ nghệ thuật 2,
V02,Toán,Tiếng anh,Vẽ mỹ thuật,
H01,Toán,Ngữ văn,Vẽ mỹ thuật,
C08,Ngữ văn,Hóa học,Sinh học,
X25,Toán,Tiếng anh,Gdktpl,
T00,Toán,Sinh học,Năng khiếu tdtt,
A04,Toán,Vật lí,Địa lí,
X13,Toán,Sinh học,Gdktpl,
T05,Ngữ văn,Gdktpl,Năng khiếu thể dục thể thao,
X05,Toán,Vật lí,Gdktpl,
M01,Ngữ văn,Lịch sử,Năng khiếu,
H06,Ngữ văn,Tiếng anh,Vẽ mỹ thuật,
D11,Ngữ văn,Vật lí,Tiếng anh,
N00,Ngữ văn,Năng khiếu âm nhạc 1,Năng khiếu âm nhạc 2,
M00,Ngữ văn,Toán,Đọc diễn cảm,Hát
"X26, K01",Toán,Tiếng anh,Tin học,
T02,Ngữ văn,Sinh,Năng khiếu tdtt,
T01,Toán,Ngữ văn,Năng khiếu tdtt,
D13,Ngữ văn,Sinh học,Tiếng anh,
H02,Toán,Vẽ hình họa mỹ thuật,Vẽ trang trí màu,
H04,Toán,Tiếng anh,Vẽ năng khiếu,
A05,Toán,Hóa học,Lịch sử,
A06,Toán,Hóa học,Địa lí,
X17,Toán,Lịch sử,Gdktpl,
T03,Ngữ văn,Địa,Năng khiếu tdtt,
B02,Toán,Sinh học,Địa lí,
X09,Toán,Hóa học,Gdktpl,
M02,Toán,Năng khiếu 1,Năng khiếu 2,
C05,Ngữ văn,Vật lí,Hóa học,
M09,Toán,"Nk mầm non 1( kể chuyện, đọc, diễn cảm)",Nk mầm non 2 (hát),
D12,Ngữ văn,Hóa học,Tiếng anh,
D45,Ngữ văn,Địa lí,Tiếng trung,
M03,Văn,Năng khiếu 1,Năng khiếu 2,
N01,Ngữ văn,Xướng âm,Biểu diễn nghệ thuật,
A03,Toán,Vật lí,Lịch sử,
D44,Ngữ văn,Địa lí,Tiếng pháp,
D63,Ngữ văn,Lịch sử,Tiếng nhật,
M13,Toán,Sinh học,Năng khiếu,
V03,Vẽ mỹ thuật,Toán,Hóa,
D64,Ngữ văn,Lịch sử,Tiếng pháp,
H08,Ngữ văn,Lịch sử,Vẽ mỹ thuật,
T04,Toán,Lí,Năng khiếu tdtt,
V06,Toán,Địa lí,Vẽ mỹ thuật,
C13,Ngữ văn,Sinh học,Địa lí,
S00,Ngữ văn,Năng khiếu skđa 1,Năng khiếu skđa 2,
D20,Toán,Địa lí,Tiếng trung,
D32,Toán,Sinh học,Tiếng nga,
D33,Toán,Sinh học,Tiếng nhật,
D34,Toán,Sinh học,Tiếng pháp,
D42,Ngữ văn,Địa lí,Tiếng nga,
H07,Toán,Hình họa,Trang trí,
M10,Toán,Tiếng anh,Nk1,
M11,Ngữ văn,Năng kiếu báo chí,Tiếng anh,
N05,Ngữ văn,Xây dựng kịch bản sự kiện,Năng khiếu,
V05,Văn,Vật lí,Vẽ mỹ thuật,
V07,Toán,Tiếng đức,Vẽ mỹ thuật,
V10,Toán,Tiếng pháp,Vẽ mỹ thuật,
D16,Toán,Địa lí,Tiếng đức,
D31,Toán,Sinh học,Tiếng đức,
D35,Toán,Sinh học,Tiếng trung,
D43,Ngữ văn,Địa lí,Tiếng nhật,
D55,Ngữ văn,Vật lí,Tiếng trung,
D65,Ngữ văn,Lịch sử,Tiếng trung,
D68,Ngữ văn,Gdktpl,Tiếng nga,
D70,Ngữ văn,Gdktpl,Tiếng pháp,
D71,Ngữ văn,Gdktpl,Tiếng trung,
M04,Toán,Đọc kể diễn cảm,Hát - múa,
M14,Ngữ văn,Năng khiếu báo chí,Toán,
N02,Ngữ văn,Ký xướng âm,Hát hoặc biểu diễn nhạc cụ,
V08,Toán,Tiếng nga,Vẽ mỹ thuật,
V09,Toán,Tiếng nhật,Vẽ mỹ thuật,
V11,Toán,Tiếng trung,Vẽ mỹ thuật,
B01,Toán,Lịch sử,Sinh học,
C06,Ngữ văn,Vật lí,Sinh học,
C07,Ngữ văn,Lịch sử,Vật lí,
X23,Toán,Địa lí,Công nghệ công nghiệp,
C09,Ngữ văn,Địa lí,Vật lí,
X24,Toán,Địa lí,Công nghệ nông nghiệp,
C10,Ngữ văn,Lịch sử,Hóa học,
C11,Ngữ văn,Địa lí,Hóa học,
C12,Ngữ văn,Lịch sử,Sinh học,
X58,Ngữ văn,Vật lí,Gdktpl,
D54,Ngữ văn,Vật lí,Tiếng pháp,
D61,Ngữ văn,Lịch sử,Tiếng đức,
D62,Ngữ văn,Lịch sử,Tiếng nga,
X94,Ngữ văn,Gdktpl,Tiếng đức,
X98,Văn,Gdktpl,Tiếng nhật,
X41,Toán,Gdktpl,Tiếng đức,
X29,Toán,Gdktpl,Tiếng nga,
N03,Ngữ văn,Tiếng anh,Năng khiếu âm nhạc,
N04,Ngữ văn,Năng khiếu thuyết trình,Năng khiếu,
R00,Ngữ văn,Lịch sử,Năng khiếu báo chí,
R01,Ngữ văn,Địa lí,Năng khiếu nghệ thuật,
R02,Ngữ văn,Toán,Năng khiếu nghệ thuật,
R03,Ngữ văn,Tiếng anh,Năng khiếu nghệ thuật,
X62,Ngữ văn,Hóa học,Gdktpl,
K00,Toán,Đọc hiểu,Tư duy khoa học giải quyết vấn đề,
"X02, K21, TH6, DK, F01, TH3",Toán,Ngữ văn,Tin học,
"X06, A0T, GT1, TH1",Toán,Vật lí,Tin học,
X08,Toán,Vật lí,Công nghệ nông nghiệp,
"X07, A0C, TH3, TH4",Toán,Vật lí,Công nghệ công nghiệp,
"X11, B0C, TH5",Toán,Hóa học,Công nghệ công nghiệp,
"X28, K20, D0C ",Toán,Tiếng anh,Công nghệ nông nghiệp,
X27; D0C; K20; TH5; TH7,Toán,Tiếng anh,Công nghệ công nghiệp,
X12,Toán,Hóa học,Công nghệ nông nghiệp,
X15,Toán,Sinh học,Công nghệ công nghiệp,
X14,Toán,Sinh học,Tin học,
X16,Toán,Sinh học,Công nghệ nông nghiệp,
D18,Toán,Địa lí,Tiếng nhật,
D39,Toán,Lịch sử,Tiếng pháp,
"X10, TH4",Toán,Hoá,Tin,
"(Ngữ văn, Vật lí, Tiếng Hàn)",Ngữ văn,Vật lí,Tiếng hàn,
X75,Ngữ văn,Địa lí,Tin học,
X46,Toán,Tiếng nhật,Tin học,
X22,Toán,Địa lí,Tin học,
D19,Toán,Địa lí,Tiếng pháp,
D41,Ngữ văn,Địa lí,Tiếng đức,
D50,Ngữ văn,Hóa học,Tiếng trung,
X03; TH8; K22; E01,Toán,Ngữ văn,Công nghệ công nghiệp,
D73,Ngữ văn,Khoa học tự nhiên,Tiếng đức,
X79; TH9,Ngữ văn,Tiếng anh,Tin học,
K01,Toán,Văn,Lí/hóa/sinh/tin,
X04; TH8; K22; E01,Toán,Ngữ văn,Công nghệ nông nghiệp,
X71; TH11,Ngữ văn,Lịch sử,Tin học,
Q00,Tư duy định lượng,Tư duy định tính,Khoa học/ tiếng anh,
D96,Toán,Khoa học xã hội,Tiếng anh,
HSA - Khoa học,Tư duy định lượng,Tư duy định tính,Khoa học,
HSA - Tiếng Anh,Tư duy định lượng,Tư duy định tính,Tiếng anh,
X53,Toán,Gdktpl,Tin học,
AH3,Toán,Vật lí,Tiếng hàn,
DD2,Ngữ văn,Toán,Tiếng hàn,
AH2,Toán,Hóa học,Tiếng hàn,
AH5,Toán,Lịch sử,Tiếng hàn,
D36,Toán,Lịch sử,Tiếng đức,
D37,Toán,Lịch sử,Tiếng nga,
D38,Toán,Lịch sử,Tiếng nhật,
D40,Toán,Lịch sử,Tiếng trung,
V10,Toán,Tiếng pháp,Vẽ mỹ thuật,
M08,Ngữ văn,Năng khiếu 1,Năng khiếu 2,
X86,Ngữ văn,Gdktpl,Tiếng pháp,
M05,Ngữ văn,Khoa học xã hội,Năng khiếu,
X45,Toán,Gdktpl,Tiếng nhật,
X33,Toán,Gdktpl,Tiếng pháp,
D48,Ngữ văn,Hóa học,Tiếng nhật,
D49,Ngữ văn,Hóa học,Tiếng pháp,
X36,Toán,Công nghệ nông nghiệp,Tiếng pháp,
X38,Toán,Tin học,Tiếng trung,
D51,Ngữ văn,Vật lí,Tiếng đức,
D52,Ngữ văn,Vật lí,Tiếng nga,
D53,Ngữ văn,Vật lí,Tiếng nhật,
X39,Toán,Công nghệ công nghiệp,Tiếng trung,
D56,Ngữ văn,Sinh học,Tiếng đức,
X40,Toán,Công nghệ nông nghiệp,Tiếng trung,
D57,Ngữ văn,Sinh học,Tiếng nga,
D58,Ngữ văn,Sinh học,Tiếng nhật,
D59,Ngữ văn,Sinh học,Tiếng pháp,
D60,Ngữ văn,Sinh học,Tiếng trung,
DH2,Ngữ văn,Hóa học,Tiếng hàn,
DH3,Ngữ văn,Vật lí,Tiếng hàn,
DH4,Ngữ văn,Sinh học,Tiếng hàn,
X30,Toán,Tin học,Tiếng nga,
X31,Toán,Công nghệ công nghiệp,Tiếng nga,
X37; D89,Toán,Gdktpl,Tiếng trung,
X42,Toán,Tin học,Tiếng đức,
X32,Toán,Công nghệ nông nghiệp,Tiếng nga,
X43,Toán,Công nghệ công nghiệp,Tiếng đức,
X34,Toán,Tin học,Tiếng pháp,
X90,Ngữ văn,Gdktpl,Tiếng trung,
R04,Ngữ văn,Biểu diễn nghệ thuật,Năng khiếu văn hóa nghệ thuật,
M07,Ngữ văn,Địa lí,Năng khiếu đọc diễn cảm và hát,
H09,Ngữ văn,Địa,Năng khiếu,
X44,Toán,Công nghệ nông nghiệp,Tiếng đức,
H10; H11; H06,Ngữ văn,Ngoại ngữ,Năng khiếu,
X47,Toán,Công nghệ công nghiệp,Tiếng nhật,
T10,Toán,Vật lí,Năng khiếu thể dục thể thao,
X35,Toán,Công nghệ công nghiệp,Tiếng pháp,
X48,Toán,Công nghệ nông nghiệp,Tiếng nhật,
X49,Toán,Gdktpl,Tiếng hàn,
X50,Toán,Tin học,Tiếng hàn,
X51,Toán,Công nghệ công nghiệp,Tiếng hàn,
X83,Ngữ văn,Tin học,Tiếng nga,
T06,Toán,Địa lí,Năng khiếu thể dục thể thao,
T07,Ngữ văn,Địa lí,Năng khiếu thể dục thể thao,
X52,Toán,Công nghệ nông nghiệp,Tiếng hàn,
X82,Ngữ văn,Gdktpl,Tiếng nga,
T08,Toán,Gdktpl,Năng khiếu thể dục thể thao,
X84,Ngữ văn,Công nghệ công nghiệp,Tiếng nga,
X85,Ngữ văn,Công nghệ nông nghiệp,Tiếng nga,
X87,Ngữ văn,Tin học,Tiếng pháp,
T09,Ngữ văn,Lịch sử,Năng khiếu thể dục thể thao,
M06,Ngữ văn,Toán,Năng khiếu giáo dục mầm non,
X88,Ngữ văn,Công nghệ công nghiệp,Tiếng pháp,
X89,Ngữ văn,Công nghệ nông nghiệp,Tiếng pháp,
X54,Toán,Gdktpl,Công nghệ công nghiệp,
X92,Ngữ văn,Công nghệ công nghiệp,Tiếng trung,
X66,Ngữ văn,Sinh học,Gdkt&pl,
X55,Toán,Gdktpl,Công nghệ nông nghiệp,
X93,Ngữ văn,Công nghệ nông nghiệp,Tiếng trung,
X56,Toán,Tin học,Công nghệ công nghiệp,
X95,Ngữ văn,Tin học,Tiếng đức,
X57,Toán,Tin học,Công nghệ nông nghiệp,
X19,Toán,Lịch sử,Công nghệ công nghiệp,
X96,Ngữ văn,Công nghệ công nghiệp,Tiếng đức,
X20,Toán,Lịch sử,Công nghệ nông nghiệp,
X97,Ngữ văn,Công nghệ nông nghiệp,Tiếng đức,
X18,Toán,Lịch sử,Tin học,
X99,Ngữ văn,Tin học,Tiếng nhật,
X76,Ngữ văn,Địa lí,Công nghệ công nghiệp,
Y08,Ngữ văn,Gdktpl,Công nghệ công nghiệp,
Y01,Ngữ văn,Công nghệ công nghiệp,Tiếng nhật,
X77,Ngữ văn,Địa lí,Công nghệ nông nghiệp,
Y09,Ngữ văn,Gdktpl,Công nghệ nông nghiệp,
Y02,Ngữ văn,Công nghệ nông nghiệp,Tiếng nhật,
Y07,Ngữ văn,Gdktpl,Tin học,
Y03,Ngữ văn,Gdktpl,Tiếng hàn,
X64,Ngữ văn,Hóa học,Công nghệ công nghiệp,
Y04,Ngữ văn,Tin học,Tiếng hàn,
X65,Ngữ văn,Hóa học,Công nghệ nông nghiệp,
Y05,Ngữ văn,Công nghệ công nghiệp,Tiếng hàn,
X63,Ngữ văn,Hóa học,Tin học,
Y06,Ngữ văn,Công nghệ nông nghiệp,Tiếng hàn,
X72,Ngữ văn,Lịch sử,Công nghệ công nghiệp,
X73,Ngữ văn,Lịch sử,Công nghệ nông nghiệp,
X68,Ngữ văn,Sinh học,Công nghệ công nghiệp,
X69,Ngữ văn,Sinh học,Công nghệ nông nghiệp,
X67,Ngữ văn,Sinh học,Tin học,
X80,Ngữ văn,Tiếng anh,Công nghệ công nghiệp,
X81,Ngữ văn,Tiếng anh,Công nghệ nông nghiệp,
Y10,Ngữ văn,Tin học,Công nghệ công nghiệp,
Y11,Ngữ văn,Tin học,Công nghệ nông nghiệp,
X60,Ngữ văn,Vật lí,Công nghệ công nghiệp,
DH1,Ngữ văn,Địa lí,Tiếng hàn,
X61,Ngữ văn,Vật lí,Công nghệ nông nghiệp,
DH5,Ngữ văn,Lịch sử,Tiếng hàn,
X59,Ngữ văn,Vật lí,Tin học,
AH4,Toán,Sinh học,Tiếng hàn,
